Date,Costcentre,Fuel,GridPower,SitePower
1/4/2020,Crushing - Fixed,0,589578.042,0
1/4/2020,Milling,228172.6079,4859811.958,0
1/4/2020,Crushing - Supplemental,147658.1492,0,0
1/4/2020,Environment,318.9493433,0,0
1/4/2020,Light Vehicles,8850.281426,0,0
1/4/2020,Rehandling,431019.6453,0,0
1/5/2020,Crushing - Fixed,101656.9037,584883.8394,0
1/5/2020,Milling,-54950.90997,4868946.161,0
1/5/2020,Crushing - Supplemental,-121324.9454,0,0
1/5/2020,Environment,214.2441155,0,0
1/5/2020,Light Vehicles,9852.365931,0,0
1/5/2020,Rehandling,692682.8197,0,0
1/6/2020,Crushing - Fixed,0,577103.7311,0
1/6/2020,Milling,0,4821139.393,0
1/6/2020,Operations Administration,251.6104585,56589.8762,0
1/6/2020,Environment,136.0038976,0,0
1/6/2020,Light Vehicles,4817.365885,0,0
1/6/2020,Rehandling,476557.4189,0,0
1/7/2020,Crushing - Fixed,0,608077.3958,0
1/7/2020,Milling,10645.65723,7016251.041,0
1/7/2020,Operations Administration,0,31042.56341,0
1/7/2020,Crushing - Supplemental,209709.6684,0,0
1/7/2020,Environment,4617.453831,0,0
1/7/2020,Light Vehicles,10179.23542,0,0
1/7/2020,Rehandling,314251.9683,0,0
1/8/2020,Crushing - Fixed,38012.00546,1638250.695,0
1/8/2020,Milling,0,6316533.305,0
1/8/2020,Environment,636.0793368,0,0
1/8/2020,Exploration and Development,25831.0001,0,0
1/8/2020,Light Vehicles,7079.903453,0,0
1/8/2020,Rehandling,508637.7164,0,0
1/9/2020,Crushing - Fixed,44879.75769,1356375.115,0
1/9/2020,Milling,0,6688572.885,0
1/9/2020,Environment,427.4317065,0,0
1/9/2020,Exploration and Development,21444.14219,0,0
1/9/2020,Light Vehicles,6958.715282,0,0
1/9/2020,Rehandling,750127.6032,0,0
1/10/2020,Crushing - Fixed,56191.9208,1631367.341,0
1/10/2020,Milling,0,6089902.123,0
1/10/2020,Operations Administration,0,19725.53634,0
1/10/2020,Environment,220.6873009,0,0
1/10/2020,Exploration and Development,42170.61903,0,0
1/10/2020,Light Vehicles,22832.24852,0,0
1/10/2020,Rehandling,701097.9745,0,0
1/11/2020,Crushing - Fixed,85742.48658,1609450.328,0
1/11/2020,Milling,245.8631485,6220849.663,0
1/11/2020,Operations Administration,0,22969.00898,0
1/11/2020,Crushing - Supplemental,924.440966,0,0
1/11/2020,Environment,261.4266547,0,0
1/11/2020,Exploration and Development,91711.04651,0,0
1/11/2020,Hauling,45428.62254,0,0
1/11/2020,Light Vehicles,15569.20841,0,0
1/11/2020,Loading,30397.54025,0,0
1/11/2020,Management Services,510.5545617,0,0
1/11/2020,Mobile Equipment,113667.7996,0,0
1/11/2020,Rehandling,526227.5716,0,0
1/12/2020,Crushing - Fixed,122409.3551,1235365.745,0
1/12/2020,Milling,0,6551390.255,0
1/12/2020,Exploration and Development,75610.59851,0,0
1/12/2020,Light Vehicles,14240.46973,0,0
1/12/2020,Mobile Equipment,14789.32254,0,0
1/12/2020,Rehandling,815389.0561,0,0
1/1/2021,Crushing - Fixed,120223.7042,573920.8142,0
1/1/2021,Milling,414.5451115,5187027.245,0
1/1/2021,Operations Administration,1555.459133,34649.94119,0
1/1/2021,Drilling - Production,25828.0998,0,0
1/1/2021,Environment,255.9637787,0,0
1/1/2021,Exploration and Development,69400.42447,0,0
1/1/2021,Geotechnical,8609.366599,0,0
1/1/2021,Grade Control,8609.366599,0,0
1/1/2021,Hauling,215234.0518,0,0
1/1/2021,Light Vehicles,7618.16724,0,0
1/1/2021,Loading,120531.0758,0,0
1/1/2021,Mobile Equipment,110821.2989,0,0
1/1/2021,Rehandling,515256.4448,0,0
1/2/2021,Crushing - Fixed,-72605.83848,575625.6848,0
1/2/2021,Milling,9910.556147,5732120.808,0
1/2/2021,Operations Administration,2372.435542,18541.50667,0
1/2/2021,Blasting,3017.208609,0,0
1/2/2021,Crushing - Supplemental,82039.25847,0,0
1/2/2021,Drilling - Production,15754.08481,0,0
1/2/2021,Environment,338.0865118,0,0
1/2/2021,Exploration and Development,24596.25826,0,0
1/2/2021,Hauling,242789.9595,0,0
1/2/2021,Light Vehicles,8595.78095,0,0
1/2/2021,Loading,145758.551,0,0
1/2/2021,Management Services,203.434903,0,0
1/2/2021,Mobile Equipment,100789.3458,0,0
1/2/2021,Rehandling,391527.7392,0,0
1/3/2021,Crushing - Fixed,66113.84134,548172.5571,0
1/3/2021,Milling,10164.54083,7323462.854,0
1/3/2021,Operations Administration,5339.688139,15546.589,0
1/3/2021,Blasting,3971.780174,0,0
1/3/2021,Crushing - Supplemental,157331.3986,0,0
1/3/2021,Drilling - Production,37392.63238,0,0
1/3/2021,Environment,163.2741412,0,0
1/3/2021,Exploration and Development,-21981.89762,0,0
1/3/2021,Geotechnical,14049.76951,0,0
1/3/2021,Grade Control,16622.87249,0,0
1/3/2021,Hauling,318102.9863,0,0
1/3/2021,Light Vehicles,14140.16916,0,0
1/3/2021,Loading,178146.1819,0,0
1/3/2021,Management Services,1188.198982,0,0
1/3/2021,Mobile Equipment,131346.3743,0,0
1/3/2021,Rehandling,522621.6699,0,0
1/3/2021,Tailings Disposal,1017.052151,0,0
1/4/2021,Crushing - Fixed,48874.02619,570477.8114,0
1/4/2021,Milling,7113.502455,6855010.405,0
1/4/2021,Operations Administration,5093.306056,17932.78363,0
1/4/2021,Blasting,4413.224223,0,0
1/4/2021,Crushing - Supplemental,67679.23077,0,0
1/4/2021,Drilling - Production,39815.67921,0,0
1/4/2021,Environment,8654.304419,0,0
1/4/2021,Exploration and Development,22763.20786,0,0
1/4/2021,Geotechnical,2458.445172,0,0
1/4/2021,Grade Control,12021.81669,0,0
1/4/2021,Hauling,330811.9313,0,0
1/4/2021,Light Vehicles,10710.0982,0,0
1/4/2021,Loading,156915.3028,0,0
1/4/2021,Management Services,859.3126023,0,0
1/4/2021,Mobile Equipment,114941.3421,0,0
1/4/2021,Rehandling,353033.0606,0,0
1/4/2021,Supplementary Load and Haul,197702.6678,0,0
1/4/2021,Tailings Disposal,711.3584288,0,0
1/5/2021,Crushing - Fixed,40015.59451,609355.1718,0
1/5/2021,Milling,6913.686011,7822753.327,0
1/5/2021,Operations Administration,3461.717262,21604.50132,0
1/5/2021,Blasting,8574.182765,0,0
1/5/2021,Crushing - Supplemental,60844.93334,0,0
1/5/2021,Drilling - Production,70275.47713,0,0
1/5/2021,Environment,111.0428732,0,0
1/5/2021,Exploration and Development,21408.73013,0,0
1/5/2021,Geotechnical,796.1441287,0,0
1/5/2021,Grade Control,11306.48735,0,0
1/5/2021,Hauling,452106.8605,0,0
1/5/2021,Light Vehicles,9725.782252,0,0
1/5/2021,Loading,209624.9077,0,0
1/5/2021,Management Services,808.1781786,0,0
1/5/2021,Mobile Equipment,145689.0737,0,0
1/5/2021,Rehandling,255230.8625,0,0
1/5/2021,Supplementary Load and Haul,177735.2665,0,0
1/5/2021,Tailings Disposal,691.7712909,0,0
1/6/2021,Crushing - Fixed,-18980.24054,586657.3718,0
1/6/2021,Milling,5464.467134,7111926.191,0
1/6/2021,Operations Administration,2996.126594,15768.43739,0
1/6/2021,Blasting,10568.30784,0,0
1/6/2021,Crushing - Supplemental,86603.14669,0,0
1/6/2021,Drilling - Production,84307.0528,0,0
1/6/2021,Environment,90.70891319,0,0
1/6/2021,Exploration and Development,17486.3268,0,0
1/6/2021,Geotechnical,629.512009,0,0
1/6/2021,Grade Control,9234.96966,0,0
1/6/2021,Hauling,390715.599,0,0
1/6/2021,Light Vehicles,8011.772828,0,0
1/6/2021,Loading,206790.0294,0,0
1/6/2021,Management Services,660.1068275,0,0
1/6/2021,Mobile Equipment,148658.9295,0,0
1/6/2021,Rehandling,130339.8132,0,0
1/6/2021,Supplementary Load and Haul,147945.2782,0,0
1/6/2021,Tailings Disposal,546.4627012,0,0
1/7/2021,Crushing - Fixed,31716.43578,602698.4677,0
1/7/2021,Milling,5861.816916,7781427.518,0
1/7/2021,Operations Administration,3980.800557,17201.01427,0
1/7/2021,Blasting,11189.29342,0,0
1/7/2021,Crushing - Supplemental,31149.20989,0,0
1/7/2021,Drilling - Production,89476.96485,0,0
1/7/2021,Environment,94.15941525,0,0
1/7/2021,Exploration and Development,18151.56283,0,0
1/7/2021,Geotechnical,675.0156631,0,0
1/7/2021,Grade Control,9586.286112,0,0
1/7/2021,Hauling,512232.3425,0,0
1/7/2021,Light Vehicles,8406.738601,0,0
1/7/2021,Loading,223149.544,0,0
1/7/2021,Management Services,685.2210233,0,0
1/7/2021,Mobile Equipment,160510.7971,0,0
1/7/2021,Rehandling,117922.7289,0,0
1/7/2021,Supplementary Load and Haul,118685.0818,0,0
1/7/2021,Tailings Disposal,586.5227985,0,0
1/8/2021,Crushing - Fixed,37417.25656,603871.4972,0
1/8/2021,Milling,5999.168024,7918253.361,0
1/8/2021,Operations Administration,3444.115506,19907.14151,0
1/8/2021,Blasting,11670.91205,0,0
1/8/2021,Crushing - Supplemental,55839.6783,0,0
1/8/2021,Drilling - Production,91507.24859,0,0
1/8/2021,Environment,96.37050647,0,0
1/8/2021,Exploration and Development,18576.85028,0,0
1/8/2021,Geotechnical,690.8309356,0,0
1/8/2021,Grade Control,9810.905813,0,0
1/8/2021,Hauling,619549.5684,0,0
1/8/2021,Light Vehicles,8692.730613,0,0
1/8/2021,Loading,228377.9942,0,0
1/8/2021,Management Services,701.2722293,0,0
1/8/2021,Mobile Equipment,164271.5984,0,0
1/8/2021,Rehandling,207936.4925,0,0
1/8/2021,Supplementary Load and Haul,212760.6614,0,0
1/8/2021,Tailings Disposal,600.2703921,0,0
1/9/2021,Crushing - Fixed,41825.24875,648298.6073,0
1/9/2021,Milling,6368.199398,7945887.816,0
1/9/2021,Operations Administration,3993.824998,21769.57702,0
1/9/2021,Blasting,11564.65571,0,0
1/9/2021,Crushing - Supplemental,38755.58494,0,0
1/9/2021,Drilling - Production,94986.77069,0,0
1/9/2021,Environment,105.7022908,0,0
1/9/2021,Exploration and Development,20378.23543,0,0
1/9/2021,Geotechnical,8803.398235,0,0
1/9/2021,Grade Control,10762.24918,0,0
1/9/2021,Hauling,657702.4495,0,0
1/9/2021,Light Vehicles,9524.789263,0,0
1/9/2021,Loading,240989.1904,0,0
1/9/2021,Management Services,769.2968827,0,0
1/9/2021,Mobile Equipment,173244.2961,0,0
1/9/2021,Rehandling,77735.32115,0,0
1/9/2021,Supplementary Load and Haul,147663.2442,0,0
1/9/2021,Tailings Disposal,636.8186176,0,0
1/10/2021,Crushing - Fixed,53715.60855,686387.2297,0
1/10/2021,Milling,6323.292133,8442701.454,0
1/10/2021,Operations Administration,3055.250836,24017.31595,0
1/10/2021,Blasting,11251.48757,0,0
1/10/2021,Crushing - Supplemental,5744.446706,0,0
1/10/2021,Drilling - Production,89118.48771,0,0
1/10/2021,Environment,7444.280936,0,0
1/10/2021,Exploration and Development,19580.56129,0,0
1/10/2021,Geotechnical,17481.77403,0,0
1/10/2021,Grade Control,10340.9859,0,0
1/10/2021,Hauling,753488.2536,0,0
1/10/2021,Light Vehicles,8922.367311,0,0
1/10/2021,Loading,240717.3244,0,0
1/10/2021,Management Services,739.1595172,0,0
1/10/2021,Mobile Equipment,173147.2444,0,0
1/10/2021,Rehandling,145696.5188,0,0
1/10/2021,Tailings Disposal,632.6944889,0,0
1/11/2021,Crushing - Fixed,0,673277.8219,0
1/11/2021,Milling,8374.167448,7594459.963,0
1/11/2021,Operations Administration,4303.693715,20797.21528,0
1/11/2021,Blasting,14852.41557,0,0
1/11/2021,Drilling - Production,124011.2219,0,0
1/11/2021,Environment,139.0126642,0,0
1/11/2021,Exploration and Development,26797.303,0,0
1/11/2021,Geotechnical,23152.87289,0,0
1/11/2021,Grade Control,14152.33349,0,0
1/11/2021,Hauling,997934.9672,0,0
1/11/2021,Light Vehicles,12214.24719,0,0
1/11/2021,Loading,319038.6609,0,0
1/11/2021,Management Services,1011.597092,0,0
1/11/2021,Mobile Equipment,233042.765,0,0
1/11/2021,Rehandling,25557.92683,0,0
1/11/2021,Tailings Disposal,837.4179174,0,0
1/12/2021,Crushing - Fixed,0,710424.2641,0
1/12/2021,Milling,7450.066768,7851961.693,0
1/12/2021,Operations Administration,4401.540325,23170.04336,0
1/12/2021,Blasting,17825.64517,0,0
1/12/2021,Crushing - Supplemental,344.1880687,0,0
1/12/2021,Drilling - Production,143807.6333,0,0
1/12/2021,Environment,119.6608801,0,0
1/12/2021,Exploration and Development,14418.54601,0,0
1/12/2021,Geotechnical,20596.8883,0,0
1/12/2021,Grade Control,12183.67131,0,0
1/12/2021,Hauling,1006121.35,0,0
1/12/2021,Light Vehicles,10505.27623,0,0
1/12/2021,Loading,363569.2432,0,0
1/12/2021,Management Services,870.8797863,0,0
1/12/2021,Mobile Equipment,293250.0357,0,0
1/12/2021,Rehandling,22011.32884,0,0
1/12/2021,Tailings Disposal,745.4302661,0,0
1/1/2022,Crushing - Fixed,51470.34237,824654.9205,0
1/1/2022,Milling,4944.175189,4052062.471,0
1/1/2022,Operations Administration,3530.702534,19016.74836,0
1/1/2022,Rehabilitation,0,35151.86031,0
1/1/2022,Blasting,14909.004,0,0
1/1/2022,Crushing - Supplemental,7890.895954,0,0
1/1/2022,Drilling - Production,111574.5887,0,0
1/1/2022,Environment,79.43530458,0,0
1/1/2022,Exploration and Development,9569.364162,0,0
1/1/2022,Geotechnical,22015.12895,0,0
1/1/2022,Grade Control,1189.928857,0,0
1/1/2022,Hauling,759350.8782,0,0
1/1/2022,Light Vehicles,7915.295687,0,0
1/1/2022,Loading,264017.3744,0,0
1/1/2022,Management Services,1849.377501,0,0
1/1/2022,Mobile Equipment,192644.9644,0,0
1/1/2022,Rehandling,144489.5843,0,0
1/1/2022,Tailings Disposal,494.4197421,0,0
1/2/2022,Crushing - Fixed,42885.00171,671441.5436,0
1/2/2022,Milling,4205.506382,3512517.115,0
1/2/2022,Operations Administration,3401.124749,15779.189,0
1/2/2022,Rehabilitation,0,25938.15266,0
1/2/2022,Blasting,11383.76449,0,0
1/2/2022,Crushing - Supplemental,6005.447699,0,0
1/2/2022,Drilling - Production,85755.40124,0,0
1/2/2022,Environment,74.79094332,0,0
1/2/2022,Exploration and Development,13517.65857,0,0
1/2/2022,Geotechnical,18725.99149,0,0
1/2/2022,Grade Control,1037.35146,0,0
1/2/2022,Hauling,645901.3742,0,0
1/2/2022,Light Vehicles,7424.284806,0,0
1/2/2022,Loading,214855.5039,0,0
1/2/2022,Management Services,1819.864052,0,0
1/2/2022,Mobile Equipment,156768.8493,0,0
1/2/2022,Rehandling,120947.5769,0,0
1/2/2022,Tailings Disposal,420.5584625,0,0
1/3/2022,Crushing - Fixed,49705.51638,752667.1098,0
1/3/2022,Milling,4774.638353,3955445.429,0
1/3/2022,Operations Administration,3333.884031,13500.10366,0
1/3/2022,Rehabilitation,0,28849.35767,0
1/3/2022,Blasting,13689.79329,0,0
1/3/2022,Crushing - Supplemental,7620.324777,0,0
1/3/2022,Drilling - Production,102600.3707,0,0
1/3/2022,Environment,1462.892372,0,0
1/3/2022,Exploration and Development,13861.86888,0,0
1/3/2022,Geotechnical,21260.26514,0,0
1/3/2022,Grade Control,1201.458678,0,0
1/3/2022,Hauling,733314.0509,0,0
1/3/2022,Light Vehicles,7641.189507,0,0
1/3/2022,Loading,268550.0101,0,0
1/3/2022,Management Services,1785.969295,0,0
1/3/2022,Mobile Equipment,195833.6463,0,0
1/3/2022,Rehandling,139553.7333,0,0
1/3/2022,Tailings Disposal,477.4710884,0,0
1/4/2022,Crushing - Fixed,41207.95835,946819.103,0
1/4/2022,Milling,0,5328487.461,399520
1/4/2022,Operations Administration,3248.350562,17425.33868,0
1/4/2022,Rehabilitation,0,39888.14998,0
1/4/2022,Supplemental Power Supply,103900.6005,-1808545.053,0
1/4/2022,Blasting,1417.01125,0,0
1/4/2022,Drilling - Production,72452.88842,0,0
1/4/2022,Environment,176.603831,0,0
1/4/2022,Exploration and Development,1046.936759,0,0
1/4/2022,Grade Control,12324.00426,0,0
1/4/2022,Hauling,510949.5743,0,0
1/4/2022,Light Vehicles,31646.07023,0,0
1/4/2022,Loading,290417.4217,0,0
1/4/2022,Management Services,29660.54272,0,0
1/4/2022,Mobile Equipment,56243.58468,0,0
1/4/2022,Rehandling,489721.0322,0,0
1/5/2022,Crushing - Fixed,191747.6909,2353170.135,0
1/5/2022,Management Services,0,617000.8234,0
1/5/2022,Milling,3449.2417,11220595.85,871520
1/5/2022,Operations Administration,3201.946987,41590.18475,0
1/5/2022,Rehabilitation,0,70214.73421,0
1/5/2022,Supplemental Power Supply,191112.4266,-8087568.305,0
1/5/2022,Tailings Disposal,0,712284.5751,0
1/5/2022,Blasting,4856.394316,0,0
1/5/2022,Crushing - Supplemental,-28654.87088,0,0
1/5/2022,Drilling - Production,151069.0395,0,0
1/5/2022,Environment,656.4216423,0,0
1/5/2022,Exploration and Development,39.41795327,0,0
1/5/2022,Grade Control,6847.267386,0,0
1/5/2022,Hauling,558845.7576,0,0
1/5/2022,Light Vehicles,21085.65378,0,0
1/5/2022,Loading,284073.2545,0,0
1/5/2022,Mobile Equipment,117275.5089,0,0
1/5/2022,Rehandling,178900.485,0,0
1/6/2022,Crushing - Fixed,98662.47095,1308070.128,0
1/6/2022,Management Services,0,1002001.234,0
1/6/2022,Milling,3541.650847,36041484.45,4171520
1/6/2022,Operations Administration,2826.328499,42646.85814,0
1/6/2022,Rehabilitation,0,196932.9301,0
1/6/2022,Supplemental Power Supply,836333.1825,-35425748.05,0
1/6/2022,Tailings Disposal,0,1689750.446,0
1/6/2022,Blasting,9949.317336,0,0
1/6/2022,Crushing - Supplemental,68635.95413,0,0
1/6/2022,Drilling - Production,86708.11147,0,0
1/6/2022,Exploration and Development,277.6277622,0,0
1/6/2022,Geotechnical,2762.03812,0,0
1/6/2022,Grade Control,3912.631179,0,0
1/6/2022,Hauling,599206.8525,0,0
1/6/2022,Light Vehicles,18726.48189,0,0
1/6/2022,Loading,263835.6079,0,0
1/6/2022,Mobile Equipment,109748.1722,0,0
1/6/2022,New Crusher,0,0,0
1/6/2022,Rehandling,124524.0732,0,0
1/7/2022,Crushing - Fixed,106843.0069,-1669091.801,0
1/7/2022,Management Services,0,-383779.2109,0
1/7/2022,Milling,4955.356419,-7317316.843,4999900
1/7/2022,Operations Administration,6127.452156,-14208.95073,0
1/7/2022,Rehabilitation,0,-2.19E-12,0
1/7/2022,Supplemental Power Supply,1022770.255,14094198.81,0
1/7/2022,Tailings Disposal,0,-1.76E-11,0
1/7/2022,Blasting,7398.68743,0,0
1/7/2022,Crushing - Supplemental,96421.75301,0,0
1/7/2022,Drilling - Production,127604.4854,0,0
1/7/2022,Exploration and Development,186.3525141,0,0
1/7/2022,Geotechnical,4929.571713,0,0
1/7/2022,Grade Control,4137.25916,0,0
1/7/2022,Hauling,622858.855,0,0
1/7/2022,Light Vehicles,71336.32578,0,0
1/7/2022,Loading,290821.4354,0,0
1/7/2022,Mobile Equipment,116692.648,0,0
1/7/2022,New Crusher,0,0,0
1/7/2022,Rehandling,138112.4402,0,0
1/8/2022,Crushing - Fixed,146587.0988,603559.7523,0
1/8/2022,Management Services,0,24934.85148,0
1/8/2022,Milling,3776.378581,721174.1141,4574900
1/8/2022,Operations Administration,5098.844151,2070.009158,0
1/8/2022,Supplemental Power Supply,1115380.472,3361258.273,0
1/8/2022,Blasting,5397.238301,0,0
1/8/2022,Crushing - Supplemental,99307.33247,0,0
1/8/2022,Drilling - Production,119428.9271,0,0
1/8/2022,Exploration and Development,166.8196912,0,0
1/8/2022,Geotechnical,4031.608935,0,0
1/8/2022,Grade Control,3237.814592,0,0
1/8/2022,Hauling,832032.0372,0,0
1/8/2022,Light Vehicles,-7314.757489,0,0
1/8/2022,Loading,350254.9328,0,0
1/8/2022,Mobile Equipment,321992.5968,0,0
1/8/2022,New Crusher,28183.62214,0,0
1/8/2022,Rehandling,114428.7347,0,0
1/9/2022,Crushing - Fixed,104887.7299,2078535.008,0
1/9/2022,Management Services,0,75493.03465,0
1/9/2022,Milling,0,2336575.8,4669900
1/9/2022,Operations Administration,16757.73815,5684.157655,0
1/9/2022,Blasting,7472.066364,0,0
1/9/2022,Crushing - Supplemental,149537.3528,0,0
1/9/2022,Drilling - Production,81103.15546,0,0
1/9/2022,Exploration and Development,1943.765204,0,0
1/9/2022,Geotechnical,3713.841684,0,0
1/9/2022,Grade Control,12416.11509,0,0
1/9/2022,Hauling,740163.685,0,0
1/9/2022,Light Vehicles,52101.14283,0,0
1/9/2022,Loading,300155.6275,0,0
1/9/2022,Mobile Equipment,115159.6423,0,0
1/9/2022,New Crusher,29104.29654,0,0
1/9/2022,Rehandling,183741.4936,0,0
1/9/2022,Supplemental Power Supply,1062813.217,0,0
1/10/2022,Crushing - Fixed,91799.99657,1083353.153,0
1/10/2022,Management Services,0,51305.45533,0
1/10/2022,Milling,2942.740041,3075723.898,8413000
1/10/2022,Operations Administration,1942.969835,162.4936916,0
1/10/2022,Blasting,7313.868263,0,0
1/10/2022,Crushing - Supplemental,64506.15129,0,0
1/10/2022,Drilling - Production,182074.275,0,0
1/10/2022,Exploration and Development,405.0280383,0,0
1/10/2022,Geotechnical,4452.38626,0,0
1/10/2022,Grade Control,13146.60539,0,0
1/10/2022,Hauling,962394.6839,0,0
1/10/2022,Light Vehicles,24621.71385,0,0
1/10/2022,Loading,363118.0491,0,0
1/10/2022,Mobile Equipment,145441.5791,0,0
1/10/2022,New Crusher,34708.47324,0,0
1/10/2022,Rehandling,231841.7094,0,0
1/10/2022,Supplemental Power Supply,2278643.747,0,0
1/11/2022,Crushing - Fixed,85791.94152,864659.1067,0
1/11/2022,Management Services,0,63618.97926,0
1/11/2022,Milling,6586.320813,2469862.272,8785822
1/11/2022,Operations Administration,2046.456008,2943.641726,0
1/11/2022,Blasting,7246.959885,0,0
1/11/2022,Crushing - Supplemental,84679.17606,0,0
1/11/2022,Drilling - Production,194245.6789,0,0
1/11/2022,Exploration and Development,544.101627,0,0
1/11/2022,Geotechnical,5501.829214,0,0
1/11/2022,Grade Control,19202.9381,0,0
1/11/2022,Hauling,909261.6504,0,0
1/11/2022,Light Vehicles,30543.31388,0,0
1/11/2022,Loading,362688.8349,0,0
1/11/2022,Mobile Equipment,149688.7675,0,0
1/11/2022,New Crusher,-35909.28801,0,0
1/11/2022,Rehandling,279514.7384,0,0
1/11/2022,Supplemental Power Supply,2707166.801,0,0
1/12/2022,Crushing - Fixed,68221.02998,2123442.938,0
1/12/2022,Management Services,0,64558.09514,0
1/12/2022,Milling,1093.509847,3313180.27,5000616
1/12/2022,Nolans South Crusher,0,1894808.55,0
1/12/2022,Operations Administration,996.6186446,42300.14738,0
1/12/2022,Blasting,7232.961043,0,0
1/12/2022,Crushing - Supplemental,102083.8822,0,0
1/12/2022,Drilling - Production,144542.1071,0,0
1/12/2022,Exploration and Development,8636.383384,0,0
1/12/2022,Geotechnical,23651.79007,0,0
1/12/2022,Grade Control,49297.33385,0,0
1/12/2022,Hauling,940797.8605,0,0
1/12/2022,Light Vehicles,30810.73837,0,0
1/12/2022,Loading,376715.3555,0,0
1/12/2022,Mobile Equipment,170481.423,0,0
1/12/2022,New Crusher,-535.3033998,0,0
1/12/2022,Rehandling,239371.6663,0,0
1/12/2022,Supplemental Power Supply,698826.9033,0,0
1/1/2023,Crushing - Fixed,17030.33225,929424.9956,0
1/1/2023,Management Services,0,210404.6898,0
1/1/2023,Milling,1040.729483,5494458.485,2031726
1/1/2023,Nolans South Crusher,0,2849978.674,0
1/1/2023,Operations Administration,3953.967089,14190.4869,0
1/1/2023,Rehabilitation,0,27162.43455,0
1/1/2023,Tailings Disposal,0,319558.2345,0
1/1/2023,Blasting,3919.756839,0,0
1/1/2023,Crushing - Supplemental,81309.51473,0,0
1/1/2023,Drilling - Production,152788.4205,0,0
1/1/2023,Exploration and Development,5627.586207,0,0
1/1/2023,Geotechnical,17566.97202,0,0
1/1/2023,Grade Control,25535.32753,0,0
1/1/2023,Hauling,1237936.845,0,0
1/1/2023,Light Vehicles,39099.37323,0,0
1/1/2023,Loading,471683.7313,0,0
1/1/2023,Mobile Equipment,44922.51965,0,0
1/1/2023,Rehandling,173479.5849,0,0
1/1/2023,Supplemental Power Supply,64309.08291,0,0
1/2/2023,Management Services,0,128231.2799,0
1/2/2023,Milling,1642.259877,6740417.44,6465791
1/2/2023,Nolans South Crusher,0,926769.9748,0
1/2/2023,Operations Administration,3710.790603,7267.179072,0
1/2/2023,Rehabilitation,0,16555.69742,0
1/2/2023,Tailings Disposal,0,194862.4287,0
1/2/2023,Blasting,3773.89727,0,0
1/2/2023,Crushing - Fixed,20895.02278,0,0
1/2/2023,Crushing - Supplemental,226776.7995,0,0
1/2/2023,Drilling - Production,107548.9714,0,0
1/2/2023,Exploration and Development,18373.71145,0,0
1/2/2023,Geotechnical,22640.04778,0,0
1/2/2023,Grade Control,33150.99766,0,0
1/2/2023,Hauling,908958.6692,0,0
1/2/2023,Light Vehicles,45793.22214,0,0
1/2/2023,Loading,372340.53,0,0
1/2/2023,Mobile Equipment,104668.575,0,0
1/2/2023,Rehandling,163617.9091,0,0
1/2/2023,Supplemental Power Supply,1716312.321,0,0
1/3/2023,Crushing - Fixed,33333.05649,551356.1125,0
1/3/2023,Management Services,0,113616.9374,0
1/3/2023,Milling,5853.799454,7519886.464,7107774
1/3/2023,Nolans South Crusher,0,827038.241,0
1/3/2023,Operations Administration,2232.440362,12051.46917,0
1/3/2023,Tailings Disposal,0,47424.7755,0
1/3/2023,Blasting,6567.270758,0,0
1/3/2023,Crushing - Supplemental,89541.79963,0,0
1/3/2023,Drilling - Production,139976.5556,0,0
1/3/2023,Exploration and Development,16767.03153,0,0
1/3/2023,Geotechnical,28684.08675,0,0
1/3/2023,Grade Control,39661.27875,0,0
1/3/2023,Hauling,582068.4737,0,0
1/3/2023,Light Vehicles,53747.01302,0,0
1/3/2023,Loading,351324.038,0,0
1/3/2023,Mobile Equipment,322656.0563,0,0
1/3/2023,Rehandling,216134.4738,0,0
1/3/2023,Supplemental Power Supply,1754150.687,0,0
1/4/2023,Crushing - Fixed,7662.347296,-46931.08535,0
1/4/2023,Management Services,0,107873.9237,0
1/4/2023,Milling,4776.559494,7285636.442,4999616
1/4/2023,Nolans South Crusher,0,970611.7719,0
1/4/2023,Operations Administration,2292.468532,10522.76149,0
1/4/2023,Tailings Disposal,0,141445.1864,0
1/4/2023,Blasting,9806.764181,0,0
1/4/2023,Crushing - Supplemental,62465.40717,0,0
1/4/2023,Drilling - Production,105293.0388,0,0
1/4/2023,Exploration and Development,14930.10037,0,0
1/4/2023,Geotechnical,22020.70516,0,0
1/4/2023,Grade Control,37792.5033,0,0
1/4/2023,Hauling,951485.5514,0,0
1/4/2023,Light Vehicles,36296.20529,0,0
1/4/2023,Loading,362790.6071,0,0
1/4/2023,Mobile Equipment,148723.1044,0,0
1/4/2023,Rehandling,102653.3114,0,0
1/4/2023,Supplemental Power Supply,1374469.654,0,0
1/5/2023,Management Services,0,79374.04408,0
1/5/2023,Milling,5189.430441,7152466.291,4873336
1/5/2023,Nolans South Crusher,0,996229.7418,0
1/5/2023,Operations Administration,2869.331034,11378.79194,0
1/5/2023,Tailings Disposal,0,225979.1311,0
1/5/2023,Blasting,6147.669524,0,0
1/5/2023,Crushing - Fixed,3494.94345,0,0
1/5/2023,Crushing - Supplemental,88734.64523,0,0
1/5/2023,Drilling - Production,138541.2182,0,0
1/5/2023,Exploration and Development,14879.9716,0,0
1/5/2023,Geotechnical,25024.57778,0,0
1/5/2023,Grade Control,46890.02384,0,0
1/5/2023,Hauling,984615.3066,0,0
1/5/2023,Light Vehicles,42802.76918,0,0
1/5/2023,Loading,370037.5514,0,0
1/5/2023,Mobile Equipment,155883.4407,0,0
1/5/2023,Rehandling,242690.2876,0,0
1/5/2023,Supplemental Power Supply,1345522.706,0,0
1/6/2023,Management Services,627.8454155,76914.19691,0
1/6/2023,Milling,1652.336449,8050927.025,7639443
1/6/2023,Nolans South Crusher,77470.94721,965355.9284,0
1/6/2023,Operations Administration,2842.253094,8881.466585,0
1/6/2023,Tailings Disposal,0,271220.3828,0
1/6/2023,Blasting,5482.434958,0,0
1/6/2023,Crushing - Fixed,2701.571104,0,0
1/6/2023,Drilling - Production,143064.582,0,0
1/6/2023,Exploration and Development,114.0692094,0,0
1/6/2023,Geotechnical,7996.059611,0,0
1/6/2023,Grade Control,31841.86916,0,0
1/6/2023,Hauling,845964.8295,0,0
1/6/2023,Light Vehicles,28442.33392,0,0
1/6/2023,Loading,322109.6742,0,0
1/6/2023,Mobile Equipment,177503.8242,0,0
1/6/2023,Rehandling,208059.5403,0,0
1/6/2023,Supplemental Power Supply,1870998.444,0,0
1/7/2023,Management Services,517.8462216,93952.83772,0
1/7/2023,Milling,6640.409032,9032348.41,8037612
1/7/2023,Nolans South Crusher,49605.25479,1179223.274,0
1/7/2023,Tailings Disposal,0,246167.4786,0
1/7/2023,Blasting,4201.140005,0,0
1/7/2023,Crushing - Fixed,1989.500208,0,0
1/7/2023,Drilling - Production,81996.53595,0,0
1/7/2023,Exploration and Development,81.77703843,0,0
1/7/2023,Geotechnical,26323.6441,0,0
1/7/2023,Grade Control,19426.9736,0,0
1/7/2023,Hauling,882428.1038,0,0
1/7/2023,Light Vehicles,19844.196,0,0
1/7/2023,Loading,278619.9183,0,0
1/7/2023,Mobile Equipment,136082.7654,0,0
1/7/2023,Operations Administration,1543.831494,0,0
1/7/2023,Rehandling,263336.5854,0,0
1/7/2023,Supplemental Power Supply,1814371.994,0,0
1/8/2023,Crushing - Fixed,1631.299861,427476.6562,0
1/8/2023,Management Services,678.4997023,76602.58614,0
1/8/2023,Milling,4419.924588,7779205.761,5932632
1/8/2023,Nolans South Crusher,56991.22842,533968.3703,0
1/8/2023,Operations Administration,1748.188133,25076.14266,0
1/8/2023,Tailings Disposal,0,200705.4836,0
1/8/2023,Blasting,4866.703711,0,0
1/8/2023,Drilling - Production,76710.29966,0,0
1/8/2023,Exploration and Development,108.0293709,0,0
1/8/2023,Geotechnical,21711.18079,0,0
1/8/2023,Grade Control,15532.22465,0,0
1/8/2023,Hauling,682043.0959,0,0
1/8/2023,Light Vehicles,17806.66005,0,0
1/8/2023,Loading,213828.8787,0,0
1/8/2023,Mobile Equipment,108701.3852,0,0
1/8/2023,Rehandling,270392.181,0,0
1/8/2023,Supplemental Power Supply,1207814.519,0,0
1/9/2023,Crushing - Fixed,3737.492058,392319.221,0
1/9/2023,Management Services,626.6791254,70302.49409,0
1/9/2023,Milling,4231.582882,8010001.639,6453640
1/9/2023,Nolans South Crusher,54189.33283,490052.6364,0
1/9/2023,Operations Administration,1705.281256,9283.358118,0
1/9/2023,Tailings Disposal,0,184198.6519,0
1/9/2023,Blasting,4716.172678,0,0
1/9/2023,Drilling - Production,234023.6218,0,0
1/9/2023,Exploration and Development,215.0999813,0,0
1/9/2023,Geotechnical,20495.7578,0,0
1/9/2023,Grade Control,16706.39507,0,0
1/9/2023,Hauling,772034.274,0,0
1/9/2023,Light Vehicles,18241.43525,0,0
1/9/2023,Loading,252037.9667,0,0
1/9/2023,Mobile Equipment,127896.4605,0,0
1/9/2023,Rehandling,188043.5283,0,0
1/9/2023,Supplemental Power Supply,1781530.166,0,0
1/10/2023,Crushing - Fixed,5649.090529,407905.2672,0
1/10/2023,Management Services,628.8787942,73095.45306,0
1/10/2023,Milling,4903.42691,9253821.703,9008000
1/10/2023,Nolans South Crusher,44278.55473,473149.6021,0
1/10/2023,Operations Administration,1901.279152,11600.60918,0
1/10/2023,Tailings Disposal,0,564.3650241,0
1/10/2023,Blasting,9220.489233,0,0
1/10/2023,Drilling - Production,146069.2909,0,0
1/10/2023,Exploration and Development,161.9067531,0,0
1/10/2023,Geotechnical,17445.20936,0,0
1/10/2023,Grade Control,34108.2242,0,0
1/10/2023,Hauling,888478.893,0,0
1/10/2023,Light Vehicles,17074.07675,0,0
1/10/2023,Loading,333456.0508,0,0
1/10/2023,Mobile Equipment,155352.7607,0,0
1/10/2023,Rehandling,221222.3215,0,0
1/10/2023,Supplemental Power Supply,2462053.135,0,0
1/11/2023,Crushing - Fixed,2142.242221,460520.1261,0
1/11/2023,Management Services,796.6549221,64174.56232,0
1/11/2023,Milling,5554.527317,8560731.86,8170000
1/11/2023,Nolans South Crusher,67892.41414,540648.3503,0
1/11/2023,Operations Administration,1262.215053,13089.33086,0
1/11/2023,Rehabilitation,0,-4543.433083,0
1/11/2023,Tailings Disposal,0,-6021.796117,0
1/11/2023,Blasting,12169.91128,0,0
1/11/2023,Drilling - Production,177811.3682,0,0
1/11/2023,Environment,181.3388802,0,0
1/11/2023,Exploration and Development,144.857155,0,0
1/11/2023,Geotechnical,1448.019697,0,0
1/11/2023,Grade Control,40533.87953,0,0
1/11/2023,Hauling,1024375.379,0,0
1/11/2023,Light Vehicles,23169.19812,0,0
1/11/2023,Loading,402437.6703,0,0
1/11/2023,Mobile Equipment,168789.328,0,0
1/11/2023,Rehandling,250688.6276,0,0
1/11/2023,Supplemental Power Supply,2429442.034,0,0
1/12/2023,Crushing - Fixed,2216.929699,514722.2411,0
1/12/2023,Management Services,407.9233582,92236.75343,0
1/12/2023,Milling,8267.691026,9171116.678,8538000
1/12/2023,Nolans South Crusher,56228.63887,604281.392,0
1/12/2023,Tailings Disposal,0,38666.93499,0
1/12/2023,Blasting,7209.459897,0,0
1/12/2023,Crushing - Supplemental,117.4526774,0,0
1/12/2023,Drilling - Production,138318.2024,0,0
1/12/2023,Environment,142.0928403,0,0
1/12/2023,Exploration and Development,117.045402,0,0
1/12/2023,Geotechnical,6670.088397,0,0
1/12/2023,Grade Control,32420.16939,0,0
1/12/2023,Hauling,1094575.147,0,0
1/12/2023,Light Vehicles,92990.32721,0,0
1/12/2023,Loading,376965.4556,0,0
1/12/2023,Mobile Equipment,145939.9454,0,0
1/12/2023,Operations Administration,2604.655899,0,0
1/12/2023,Rehandling,310499.5048,0,0
1/12/2023,Supplemental Power Supply,2487326.663,0,0
1/1/2024,Crushing - Fixed,1233.438049,88984.51363,0
1/1/2024,Management Services,4903.335489,21800.60065,0
1/1/2024,Milling,7727.617112,9010049.549,7691800
1/1/2024,Nolans South Crusher,58406.32911,453965.4411,0
1/1/2024,Operations Administration,1703.252333,15387.33681,0
1/1/2024,Tailings Disposal,0,60004.55905,0
1/1/2024,Blasting,7078.028273,0,0
1/1/2024,Crushing - Supplemental,120.752102,0,0
1/1/2024,Drilling - Production,149138.7416,0,0
1/1/2024,Environment,172.8448674,0,0
1/1/2024,Exploration and Development,1962.459577,0,0
1/1/2024,Geotechnical,6623.921279,0,0
1/1/2024,Grade Control,27694.43777,0,0
1/1/2024,Hauling,827868.8072,0,0
1/1/2024,Light Vehicles,22715.5225,0,0
1/1/2024,Loading,307460.3252,0,0
1/1/2024,Mobile Equipment,164369.9344,0,0
1/1/2024,Rehandling,241401.7001,0,0
1/1/2024,Supplemental Power Supply,1951073.381,0,0
1/2/2024,Crushing - Fixed,16375.67702,247440.6274,0
1/2/2024,Management Services,8818.42781,18571.06292,0
1/2/2024,Milling,3596.823684,8269551.927,7892400
1/2/2024,Nolans South Crusher,45097.26172,386715.4034,0
1/2/2024,Operations Administration,652.9486654,31174.41428,0
1/2/2024,Tailings Disposal,0,51115.5652,0
1/2/2024,Blasting,2729.456444,0,0
1/2/2024,Crushing - Supplemental,5.817491315,0,0
1/2/2024,Drilling - Production,110003.8409,0,0
1/2/2024,Environment,268.5108862,0,0
1/2/2024,Exploration and Development,9874.207539,0,0
1/2/2024,Geotechnical,511.9737609,0,0
1/2/2024,Grade Control,40424.92717,0,0
1/2/2024,Hauling,909499.48,0,0
1/2/2024,Light Vehicles,21010.05114,0,0
1/2/2024,Loading,224302.8548,0,0
1/2/2024,Mobile Equipment,130252.8451,0,0
1/2/2024,Rehandling,226623.2139,0,0
1/2/2024,Supplemental Power Supply,1848522.09,0,0
1/3/2024,Crushing - Fixed,13267.4272,382973.4299,0
1/3/2024,Management Services,12880.22017,68669.81103,0
1/3/2024,Milling,798.6505682,8860730.226,6567500
1/3/2024,Nolans South Crusher,64295.34801,451026.09,0
1/3/2024,Operations Administration,2399.396307,16567.51133,0
1/3/2024,Tailings Disposal,0,28885.93176,0
1/3/2024,Blasting,1748.23331,0,0
1/3/2024,Crushing - Supplemental,90.79367898,0,0
1/3/2024,Drilling - Production,67819.21165,0,0
1/3/2024,Environment,180.4332386,0,0
1/3/2024,Exploration and Development,13757.413,0,0
1/3/2024,Geotechnical,1186.425781,0,0
1/3/2024,Grade Control,24925.22195,0,0
1/3/2024,Hauling,1163695.712,0,0
1/3/2024,Light Vehicles,27888.33452,0,0
1/3/2024,Loading,336636.8786,0,0
1/3/2024,Mobile Equipment,130338.3079,0,0
1/3/2024,Rehandling,218531.3832,0,0
1/3/2024,Supplemental Power Supply,1825726.119,0,0
1/4/2024,Crushing - Fixed,19526.66461,-2156.307215,0
1/4/2024,Management Services,9360.383752,77914.69773,0
1/4/2024,Milling,0,9514477.551,9311300
1/4/2024,Nolans South Crusher,65922.01734,340597.2021,0
1/4/2024,Tailings Disposal,0,170047.8565,0
1/4/2024,Blasting,1802.614091,0,0
1/4/2024,Crushing - Supplemental,20.93913656,0,0
1/4/2024,Drilling - Production,50764.59094,0,0
1/4/2024,Environment,225.0935176,0,0
1/4/2024,Exploration and Development,14466.79576,0,0
1/4/2024,Geotechnical,1554.011354,0,0
1/4/2024,Grade Control,3407.639836,0,0
1/4/2024,Hauling,1082752.216,0,0
1/4/2024,Light Vehicles,29737.60507,0,0
1/4/2024,Loading,318387.8713,0,0
1/4/2024,Mobile Equipment,134271.5927,0,0
1/4/2024,Operations Administration,1285.332042,0,0
1/4/2024,Rehandling,277230.621,0,0
1/4/2024,Supplemental Power Supply,2391585.099,0,0
1/5/2024,Crushing - Fixed,31728.14363,287991.2568,0
1/5/2024,Management Services,7960.568292,123722.1015,0
1/5/2024,Milling,0,9204109.407,7969800
1/5/2024,Nolans South Crusher,70961.50602,338100.3526,0
1/5/2024,Tailings Disposal,0,156849.8817,0
1/5/2024,Blasting,4896.977122,0,0
1/5/2024,Crushing - Supplemental,290.6863323,0,0
1/5/2024,Drilling - Production,5655.849021,0,0
1/5/2024,Exploration and Development,12653.47878,0,0
1/5/2024,Geotechnical,1916.612869,0,0
1/5/2024,Grade Control,370.7560729,0,0
1/5/2024,Hauling,1140274.834,0,0
1/5/2024,Light Vehicles,32407.77513,0,0
1/5/2024,Loading,309263.021,0,0
1/5/2024,Mobile Equipment,161965.8083,0,0
1/5/2024,Operations Administration,2572.918974,0,0
1/5/2024,Rehandling,312150.6491,0,0
1/5/2024,Supplemental Power Supply,2181042.122,0,0
1/6/2024,Crushing - Fixed,24553.64365,263641.2483,0
1/6/2024,Management Services,7971.432659,113261.2489,0
1/6/2024,Milling,0,8437969.928,9074700
1/6/2024,Nolans South Crusher,71058.31744,309513.5508,0
1/6/2024,Tailings Disposal,0,143588.0236,0
1/6/2024,Blasting,4903.662724,0,0
1/6/2024,Crushing - Supplemental,291.0721099,0,0
1/6/2024,Drilling - Production,5663.573064,0,0
1/6/2024,Exploration and Development,12670.7459,0,0
1/6/2024,Geotechnical,1919.23884,0,0
1/6/2024,Grade Control,371.2609691,0,0
1/6/2024,Hauling,1138501.326,0,0
1/6/2024,Light Vehicles,31768.657,0,0
1/6/2024,Loading,309684.8913,0,0
1/6/2024,Mobile Equipment,101994.9065,0,0
1/6/2024,Operations Administration,2475.591377,0,0
1/6/2024,Rehandling,312576.4594,0,0
1/6/2024,Supplemental Power Supply,2177809.081,0,0
1/7/2024,Crushing - Fixed,37649.9716,216212.4086,0
1/7/2024,Management Services,6406.637001,-1127.6708,0
1/7/2024,Milling,0,9721333.989,9060300
1/7/2024,Nolans South Crusher,42569.15357,452829.4434,0
1/7/2024,Tailings Disposal,0,180934.83,0
1/7/2024,Blasting,6465.101307,0,0
1/7/2024,Drilling - Production,96455.98372,0,0
1/7/2024,Exploration and Development,12503.63568,0,0
1/7/2024,Geotechnical,1301.230827,0,0
1/7/2024,Grade Control,40393.64704,0,0
1/7/2024,Hauling,954454.9706,0,0
1/7/2024,Light Vehicles,48161.75914,0,0
1/7/2024,Loading,356099.7917,0,0
1/7/2024,Mobile Equipment,136398.8354,0,0
1/7/2024,Operations Administration,1636.2242,0,0
1/7/2024,Rehandling,377486.5366,0,0
1/7/2024,Supplemental Power Supply,2301303.162,0,0
1/8/2024,Crushing - Fixed,31445.79219,219598.522,0
1/8/2024,Milling,0,9059583.171,9500800
1/8/2024,Nolans South Crusher,59389.59661,457496.9107,0
1/8/2024,Operations Administration,771.7600467,53148.65648,0
1/8/2024,Tailings Disposal,0,182998.7399,0
1/8/2024,Blasting,8200.553426,0,0
1/8/2024,Drilling - Production,143469.0056,0,0
1/8/2024,Exploration and Development,3279.987814,0,0
1/8/2024,Geotechnical,4900.46965,0,0
1/8/2024,Grade Control,51749.20159,0,0
1/8/2024,Hauling,862362.3467,0,0
1/8/2024,Light Vehicles,56251.18428,0,0
1/8/2024,Loading,290057.0486,0,0
1/8/2024,Management Services,6928.059709,0,0
1/8/2024,Mobile Equipment,150258.8815,0,0
1/8/2024,Rehandling,305497.9868,0,0
1/8/2024,Supplemental Power Supply,2548896.641,0,0
1/9/2024,Crushing - Fixed,31206.24629,278903.7831,0
1/9/2024,Milling,0,9625311.33,8021600
1/9/2024,Nolans South Crusher,37831.36136,581049.5715,0
1/9/2024,Operations Administration,985.4460226,15007.48043,0
1/9/2024,Tailings Disposal,0,232419.8348,0
1/9/2024,Blasting,8926.642758,0,0
1/9/2024,Crushing - Supplemental,166.6845509,0,0
1/9/2024,Drilling - Production,184261.3052,0,0
1/9/2024,Exploration and Development,3449.094965,0,0
1/9/2024,Geotechnical,2431.976958,0,0
1/9/2024,Grade Control,17805.68718,0,0
1/9/2024,Hauling,1040749.872,0,0
1/9/2024,Light Vehicles,51480.78954,0,0
1/9/2024,Loading,391089.9839,0,0
1/9/2024,Management Services,4643.108463,0,0
1/9/2024,Mobile Equipment,161100.6015,0,0
1/9/2024,Rehandling,385301.7367,0,0
1/9/2024,Supplemental Power Supply,2308524.745,0,0
1/10/2024,Crushing - Fixed,38815.83928,268054.9678,0
1/10/2024,Milling,0,9656574.057,9653400
1/10/2024,Nolans South Crusher,30940.03385,558447.7784,0
1/10/2024,Operations Administration,912.0626023,15237.09127,0
1/10/2024,Tailings Disposal,0,223379.1055,0
1/10/2024,Blasting,10810.66681,0,0
1/10/2024,Crushing - Supplemental,75.81097206,0,0
1/10/2024,Drilling - Production,135663.457,0,0
1/10/2024,Exploration and Development,5697.56639,0,0
1/10/2024,Geotechnical,1399.750257,0,0
1/10/2024,Grade Control,59020.5622,0,0
1/10/2024,Hauling,826130.4215,0,0
1/10/2024,Light Vehicles,45099.94728,0,0
1/10/2024,Loading,347444.2157,0,0
1/10/2024,Management Services,2379.221356,0,0
1/10/2024,Mobile Equipment,175968.5545,0,0
1/10/2024,Rehandling,319325.9927,0,0
1/10/2024,Supplemental Power Supply,2439419.974,0,0
1/11/2024,Crushing - Fixed,30753.06133,301062.4495,0
1/11/2024,Milling,0,8608380.297,8877900
1/11/2024,Nolans South Crusher,47180.22566,627213.4013,0
1/11/2024,Operations Administration,797.9038554,41.47727761,0
1/11/2024,Tailings Disposal,0,250885.3746,0
1/11/2024,Blasting,10191.55125,0,0
1/11/2024,Crushing - Supplemental,174.3863964,0,0
1/11/2024,Drilling - Production,141387.359,0,0
1/11/2024,Exploration and Development,2386.952569,0,0
1/11/2024,Geotechnical,1247.216726,0,0
1/11/2024,Grade Control,32962.71857,0,0
1/11/2024,Hauling,814022.1806,0,0
1/11/2024,Light Vehicles,23781.17748,0,0
1/11/2024,Loading,315672.6699,0,0
1/11/2024,Management Services,3437.195872,0,0
1/11/2024,Mobile Equipment,147916.8387,0,0
1/11/2024,Rehandling,338549.5321,0,0
1/11/2024,Supplemental Power Supply,2176716.122,0,0
1/12/2024,Crushing - Fixed,12430.32024,224525.6463,0
1/12/2024,Milling,0,9650157.878,9546200
1/12/2024,Nolans South Crusher,42884.63403,467761.7918,0
1/12/2024,Operations Administration,1272.512182,26.98634411,0
1/12/2024,Tailings Disposal,0,187104.6971,0
1/12/2024,Blasting,8237.861219,0,0
1/12/2024,Crushing - Supplemental,32.5090549,0,0
1/12/2024,Drilling - Production,113850.0664,0,0
1/12/2024,Geotechnical,880.4231701,0,0
1/12/2024,Grade Control,39231.33127,0,0
1/12/2024,Hauling,809810.1154,0,0
1/12/2024,Light Vehicles,20434.64575,0,0
1/12/2024,Loading,321647.9454,0,0
1/12/2024,Management Services,15213.22667,0,0
1/12/2024,Mobile Equipment,134271.5793,0,0
1/12/2024,Rehandling,326371.4725,0,0
1/12/2024,Supplemental Power Supply,2307335.446,0,0
1/1/2025,Crushing - Fixed,42525.2923,123310.1229,0
1/1/2025,Management Services,9547.787674,15959.46692,0
1/1/2025,Milling,0,9363538.689,9050200
1/1/2025,Nolans South Crusher,0,388860.4924,0
1/1/2025,Operations Administration,1112.208004,13046.14988,0
1/1/2025,Tailings Disposal,0,128589.0792,0
1/1/2025,Blasting,8788.84114,0,0
1/1/2025,Drilling - Production,112652.1115,0,0
1/1/2025,Exploration and Development,281.2186397,0,0
1/1/2025,Geotechnical,890.7593691,0,0
1/1/2025,Grade Control,30951.77778,0,0
1/1/2025,Hauling,738920.702,0,0
1/1/2025,Light Vehicles,22762.62454,0,0
1/1/2025,Loading,281091.7533,0,0
1/1/2025,Mobile Equipment,139148.143,0,0
1/1/2025,Rehandling,325609.6992,0,0
1/1/2025,Supplemental Power Supply,2217202.151,0,0
1/2/2025,Crushing - Fixed,61987.87759,5214.520984,0
1/2/2025,Management Services,77551.97433,17229.38915,0
1/2/2025,Milling,0,8465055.917,7834900
1/2/2025,Nolans South Crusher,0,346108.6676,0
1/2/2025,Operations Administration,854.2744324,14457.09969,0
1/2/2025,Tailings Disposal,0,128380.4056,0
1/2/2025,Blasting,5536.910168,0,0
1/2/2025,Drilling - Production,88307.6999,0,0
1/2/2025,Exploration and Development,262.6357354,0,0
1/2/2025,Geotechnical,4759.753208,0,0
1/2/2025,Grade Control,26027.70977,0,0
1/2/2025,Hauling,634824.0276,0,0
1/2/2025,Light Vehicles,13142.68509,0,0
1/2/2025,Loading,254623.9388,0,0
1/2/2025,Mobile Equipment,118965.7947,0,0
1/2/2025,Rehandling,417766.6239,0,0
1/2/2025,Supplemental Power Supply,2057444.215,0,0
1/3/2025,Crushing - Fixed,-13513.62199,57840.51933,0
1/3/2025,Management Services,33996.53617,14329.82539,0
1/3/2025,Milling,0,9777244.285,6878730
1/3/2025,Nolans South Crusher,0,317499.3308,0
1/3/2025,Tailings Disposal,0,106775.0397,0
1/3/2025,Blasting,7927.228416,0,0
1/3/2025,Drilling - Production,131588.8929,0,0
1/3/2025,Exploration and Development,348.1358569,0,0
1/3/2025,Geotechnical,2797.542131,0,0
1/3/2025,Grade Control,46151.29894,0,0
1/3/2025,Hauling,860449.1055,0,0
1/3/2025,Light Vehicles,19839.95852,0,0
1/3/2025,Loading,284739.2689,0,0
1/3/2025,Mobile Equipment,148925.0091,0,0
1/3/2025,Operations Administration,1312.107856,0,0
1/3/2025,Rehandling,459710.2307,0,0
1/3/2025,Supplemental Power Supply,2252573.347,0,0
1/4/2025,Crushing - Fixed,18870.68975,50637.22194,0
1/4/2025,Management Services,33287.41521,17989.31986,0
1/4/2025,Milling,0,10273144.1,10042877
1/4/2025,Nolans South Crusher,0,394463.8223,0
1/4/2025,Operations Administration,754.3170348,24216.55383,0
1/4/2025,Tailings Disposal,0,134042.9805,0
1/4/2025,Blasting,9047.376133,0,0
1/4/2025,Drilling - Production,98855.11478,0,0
1/4/2025,Exploration and Development,206.9246215,0,0
1/4/2025,Geotechnical,2343.311445,0,0
1/4/2025,Grade Control,42200.93341,0,0
1/4/2025,Hauling,942507.8526,0,0
1/4/2025,Light Vehicles,26478.22217,0,0
1/4/2025,Loading,296591.5884,0,0
1/4/2025,Mobile Equipment,152113.5508,0,0
1/4/2025,Rehandling,474956.3575,0,0
1/4/2025,Supplemental Power Supply,2467971.781,0,0
1/5/2025,Crushing - Fixed,13380.29488,103758.7093,0
1/5/2025,Management Services,9721.093414,22719.34626,0
1/5/2025,Milling,0,10098306.03,8687098
1/5/2025,Nolans South Crusher,0,775495.0948,0
1/5/2025,Operations Administration,1230.962118,16327.15276,0
1/5/2025,Tailings Disposal,0,4157.66387,0
1/5/2025,Blasting,6075.49505,0,0
1/5/2025,Drilling - Production,103510.2238,0,0
1/5/2025,Exploration and Development,248.6332329,0,0
1/5/2025,Geotechnical,1842.08997,0,0
1/5/2025,Grade Control,53777.60439,0,0
1/5/2025,Hauling,746602.5291,0,0
1/5/2025,Light Vehicles,24030.46707,0,0
1/5/2025,Loading,279528.8851,0,0
1/5/2025,Mobile Equipment,160218.4675,0,0
1/5/2025,Rehandling,484343.4245,0,0
1/5/2025,Supplemental Power Supply,1482165.497,0,0
1/6/2025,Crushing - Fixed,24470.22273,241728.787,0
1/6/2025,Management Services,13167.66419,15841.86894,0
1/6/2025,Milling,0,9800243.701,10401632
1/6/2025,Nolans South Crusher,0,552999.1119,0
1/6/2025,Operations Administration,442.9354654,12353.53079,0
1/6/2025,Blasting,8607.527127,0,0
1/6/2025,Drilling - Production,118290.1542,0,0
1/6/2025,Exploration and Development,109.3089663,0,0
1/6/2025,Geotechnical,1601.359223,0,0
1/6/2025,Grade Control,40023.46088,0,0
1/6/2025,Hauling,693024.8772,0,0
1/6/2025,Light Vehicles,20289.35465,0,0
1/6/2025,Loading,262688.498,0,0
1/6/2025,Mobile Equipment,134362.1473,0,0
1/6/2025,Rehandling,316755.0314,0,0
1/6/2025,Supplemental Power Supply,2539593.912,0,0
1/7/2025,Crushing - Fixed,20441.74171,177016.6157,0
1/7/2025,Management Services,7095.824806,16137.62398,0
1/7/2025,Milling,0,10540748.42,9704994
1/7/2025,Nolans South Crusher,0,575890.4983,0
1/7/2025,Operations Administration,916.0253786,12520.84397,0
1/7/2025,Blasting,6920.640606,0,0
1/7/2025,Drilling - Production,119328.4384,0,0
1/7/2025,Exploration and Development,224.6623005,0,0
1/7/2025,Geotechnical,57.11215718,0,0
1/7/2025,Grade Control,37799.079,0,0
1/7/2025,Hauling,680598.6697,0,0
1/7/2025,Light Vehicles,20018.45068,0,0
1/7/2025,Loading,256371.8891,0,0
1/7/2025,Mobile Equipment,150216.0663,0,0
1/7/2025,Rehandling,357312.2391,0,0
1/7/2025,Supplemental Power Supply,2368530.086,0,0
1/8/2025,Crushing - Fixed,15532.77154,384838.1375,0
1/8/2025,Management Services,8873.886808,17543.83192,0
1/8/2025,Milling,0,9614597.814,10100585
1/8/2025,Nolans South Crusher,0,569009.9687,0
1/8/2025,Operations Administration,1329.671244,16420.24818,0
1/8/2025,Blasting,7304.567208,0,0
1/8/2025,Drilling - Production,156229.0054,0,0
1/8/2025,Exploration and Development,189.5443196,0,0
1/8/2025,Geotechnical,892.7382439,0,0
1/8/2025,Grade Control,337.0578444,0,0
1/8/2025,Hauling,771534.1968,0,0
1/8/2025,Light Vehicles,78296.34831,0,0
1/8/2025,Loading,183802.4553,0,0
1/8/2025,Mobile Equipment,56215.14773,0,0
1/8/2025,Rehandling,416878.7037,0,0
1/8/2025,Supplemental Power Supply,2455578.506,0,0
1/9/2025,Crushing - Fixed,16678.53113,392530.9191,0
1/9/2025,Management Services,3151.335817,9632.095452,0
1/9/2025,Milling,0,10196167.31,8385357
1/9/2025,Nolans South Crusher,0,608253.1393,0
1/9/2025,Operations Administration,1483.480575,12806.54097,0
1/9/2025,Blasting,6340.862161,0,0
1/9/2025,Drilling - Production,195258.6269,0,0
1/9/2025,Exploration and Development,6428.131985,0,0
1/9/2025,Grade Control,40140.8728,0,0
1/9/2025,Hauling,766246.0883,0,0
1/9/2025,Light Vehicles,20421.30921,0,0
1/9/2025,Loading,279292.4747,0,0
1/9/2025,Mobile Equipment,157830.3353,0,0
1/9/2025,Rehandling,376924.2044,0,0
1/9/2025,Supplemental Power Supply,2430724.034,0,0
1/10/2025,Crushing - Fixed,44481.8269,307680.9424,0
1/10/2025,Management Services,3422.649755,13338.95738,0
1/10/2025,Milling,0,8290346.554,8224606
1/10/2025,Nolans South Crusher,0,510374.6049,0
1/10/2025,Operations Administration,925.4743125,13039.94173,0
1/10/2025,Blasting,8808.772117,0,0
1/10/2025,Drilling - Production,203612.6732,0,0
1/10/2025,Exploration and Development,1449.285867,0,0
1/10/2025,Geotechnical,2293.860584,0,0
1/10/2025,Grade Control,42268.96184,0,0
1/10/2025,Hauling,733807.0028,0,0
1/10/2025,Light Vehicles,21198.48646,0,0
1/10/2025,Loading,321344.0098,0,0
1/10/2025,Mobile Equipment,138720.4327,0,0
1/10/2025,Rehandling,477153.091,0,0
1/10/2025,Supplemental Power Supply,1985590.631,0,0
1/11/2025,Crushing - Fixed,32704.31154,250985.6555,0
1/11/2025,Management Services,3254.969509,14637.35191,0
1/11/2025,Milling,0,8339239.582,8303884
1/11/2025,Nolans South Crusher,0,533532.1786,0
1/11/2025,Operations Administration,407.6388146,16355.23185,0
1/11/2025,Blasting,4368.075318,0,0
1/11/2025,Drilling - Production,109040.184,0,0
1/11/2025,Exploration and Development,363.0469669,0,0
1/11/2025,Geotechnical,5525.559003,0,0
1/11/2025,Grade Control,19002.95282,0,0
1/11/2025,Hauling,729584.7652,0,0
1/11/2025,Light Vehicles,33250.01605,0,0
1/11/2025,Loading,378877.7041,0,0
1/11/2025,Mobile Equipment,242164.7587,0,0
1/11/2025,Rehandling,340012.7314,0,0
1/11/2025,Supplemental Power Supply,1870170.814,0,0